subj,month,Total.words,Log.Totalwords
01,06,0,0.0
01,07,0,0.0
01,08,0,0.0
01,09,0,0.0
01,10,0,0.0
01,11,6,1.9459101490553132
01,12,14,2.70805020110221
01,13,77,4.356708826689592
01,14,145,4.983606621708336
01,15,226,5.424950017481403
01,16,288,5.666426688112432
01,17,372,5.921578419643816
01,18,378,5.937536205082426
02,06,0,0.0
02,07,1,0.6931471805599453
02,08,1,0.6931471805599453
02,09,1,0.6931471805599453
02,10,3,1.3862943611198906
02,11,9,2.302585092994046
02,12,17,2.8903717578961645
02,13,27,3.332204510175204
02,14,32,3.4965075614664802
02,15,76,4.343805421853684
02,16,125,4.836281906951478
02,17,184,5.220355825078324
02,18,223,5.4116460518550396
03,06,0,0.0
03,07,0,0.0
03,08,0,0.0
03,09,0,0.0
03,10,0,0.0
03,11,0,0.0
03,12,0,0.0
03,13,0,0.0
03,14,0,0.0
03,15,4,1.6094379124341003
03,16,12,2.5649493574615367
03,17,27,3.332204510175204
03,18,32,3.4965075614664802
04,06,0,0.0
04,07,1,0.6931471805599453
04,08,1,0.6931471805599453
04,09,1,0.6931471805599453
04,10,2,1.0986122886681098
04,11,2,1.0986122886681098
04,12,2,1.0986122886681098
04,13,3,1.3862943611198906
04,14,5,1.791759469228055
04,15,5,1.791759469228055
04,16,5,1.791759469228055
04,17,5,1.791759469228055
04,18,5,1.791759469228055
06,06,0,0.0
06,07,0,0.0
06,08,0,0.0
06,09,0,0.0
06,10,0,0.0
06,11,0,0.0
06,12,2,1.0986122886681098
06,13,2,1.0986122886681098
06,14,6,1.9459101490553132
06,15,14,2.70805020110221
06,16,17,2.8903717578961645
06,17,26,3.295836866004329
06,18,29,3.4011973816621555
07,06,0,0.0
07,07,1,0.6931471805599453
07,08,2,1.0986122886681098
07,09,2,1.0986122886681098
07,10,2,1.0986122886681098
07,11,2,1.0986122886681098
07,12,2,1.0986122886681098
07,13,4,1.6094379124341003
07,14,16,2.833213344056216
07,15,24,3.2188758248682006
07,16,28,3.367295829986474
07,17,33,3.5263605246161616
07,18,40,3.713572066704308
08,06,0,0.0
08,07,2,1.0986122886681098
08,08,2,1.0986122886681098
08,09,4,1.6094379124341003
08,10,10,2.3978952727983707
08,11,16,2.833213344056216
08,12,22,3.1354942159291497
08,13,38,3.6635616461296463
08,14,77,4.356708826689592
08,15,110,4.709530201312334
08,16,143,4.969813299576001
08,17,191,5.2574953720277815
08,18,232,5.4510384535657
09,06,0,0.0
09,07,0,0.0
09,08,0,0.0
09,09,0,0.0
09,10,0,0.0
09,11,0,0.0
09,12,2,1.0986122886681098
09,13,8,2.1972245773362196
09,14,32,3.4965075614664802
09,15,37,3.6375861597263857
09,16,40,3.713572066704308
09,17,63,4.1588830833596715
09,18,88,4.48863636973214
10,06,0,0.0
10,07,0,0.0
10,08,0,0.0
10,09,2,1.0986122886681098
10,10,2,1.0986122886681098
10,11,3,1.3862943611198906
10,12,6,1.9459101490553132
10,13,12,2.5649493574615367
10,14,17,2.8903717578961645
10,15,22,3.1354942159291497
10,16,33,3.5263605246161616
10,17,48,3.8918202981106265
10,18,74,4.31748811353631
11,06,0,0.0
11,07,0,0.0
11,08,0,0.0
11,09,0,0.0
11,10,0,0.0
11,11,1,0.6931471805599453
11,12,1,0.6931471805599453
11,13,1,0.6931471805599453
11,14,1,0.6931471805599453
11,15,5,1.791759469228055
11,16,10,2.3978952727983707
11,17,20,3.044522437723423
11,18,18,2.9444389791664403
12,06,0,0.0
12,07,2,1.0986122886681098
12,08,5,1.791759469228055
12,09,8,2.1972245773362196
12,10,10,2.3978952727983707
12,11,11,2.4849066497880004
12,12,22,3.1354942159291497
12,13,50,3.9318256327243257
12,14,66,4.204692619390966
12,15,69,4.248495242049359
12,16,92,4.532599493153256
12,17,120,4.795790545596741
12,18,94,4.553876891600541
13,06,0,0.0
13,07,0,0.0
13,08,0,0.0
13,09,0,0.0
13,10,0,0.0
13,11,1,0.6931471805599453
13,12,1,0.6931471805599453
13,13,1,0.6931471805599453
13,14,7,2.0794415416798357
13,15,9,2.302585092994046
13,16,19,2.995732273553991
13,17,24,3.2188758248682006
13,18,28,3.367295829986474
14,06,0,0.0
14,07,0,0.0
14,08,0,0.0
14,09,0,0.0
14,10,0,0.0
14,11,0,0.0
14,12,1,0.6931471805599453
14,13,2,1.0986122886681098
14,14,2,1.0986122886681098
14,15,3,1.3862943611198906
14,16,9,2.302585092994046
14,17,38,3.6635616461296463
14,18,39,3.6888794541139363
15,06,0,0.0
15,07,0,0.0
15,08,0,0.0
15,09,NA,NA
15,10,0,0.0
15,11,0,0.0
15,12,0,0.0
15,13,1,0.6931471805599453
15,14,NA,NA
15,15,NA,NA
15,16,7,2.0794415416798357
15,17,NA,NA
15,18,17,2.8903717578961645
16,06,0,0.0
16,07,0,0.0
16,08,0,0.0
16,09,0,0.0
16,10,0,0.0
16,11,0,0.0
16,12,0,0.0
16,13,4,1.6094379124341003
16,14,5,1.791759469228055
16,15,9,2.302585092994046
16,16,10,2.3978952727983707
16,17,12,2.5649493574615367
16,18,24,3.2188758248682006
17,06,0,0.0
17,07,0,0.0
17,08,0,0.0
17,09,0,0.0
17,10,0,0.0
17,11,3,1.3862943611198906
17,12,7,2.0794415416798357
17,13,7,2.0794415416798357
17,14,15,2.772588722239781
17,15,20,3.044522437723423
17,16,22,3.1354942159291497
17,17,27,3.332204510175204
17,18,56,4.04305126783455
18,06,0,0.0
18,07,0,0.0
18,08,0,0.0
18,09,0,0.0
18,10,3,1.3862943611198906
18,11,4,1.6094379124341003
18,12,5,1.791759469228055
18,13,5,1.791759469228055
18,14,9,2.302585092994046
18,15,18,2.9444389791664403
18,16,32,3.4965075614664802
18,17,46,3.8501476017100584
18,18,102,4.634728988229636
19,06,0,0.0
19,07,0,0.0
19,08,0,0.0
19,09,0,0.0
19,10,0,0.0
19,11,0,0.0
19,12,7,2.0794415416798357
19,13,25,3.258096538021482
19,14,41,3.7376696182833684
19,15,66,4.204692619390966
19,16,132,4.890349128221754
19,17,133,4.897839799950911
19,18,166,5.117993812416755
20,06,0,0.0
20,07,0,0.0
20,08,0,0.0
20,09,0,0.0
20,10,0,0.0
20,11,2,1.0986122886681098
20,12,6,1.9459101490553132
20,13,7,2.0794415416798357
20,14,9,2.302585092994046
20,15,10,2.3978952727983707
20,16,40,3.713572066704308
20,17,54,4.007333185232471
20,18,82,4.418840607796598
21,06,0,0.0
21,07,0,0.0
21,08,0,0.0
21,09,1,0.6931471805599453
21,10,9,2.302585092994046
21,11,15,2.772588722239781
21,12,20,3.044522437723423
21,13,21,3.091042453358316
21,14,22,3.1354942159291497
21,15,29,3.4011973816621555
21,16,15,2.772588722239781
21,17,22,3.1354942159291497
21,18,NA,NA
22,06,0,0.0
22,07,0,0.0
22,08,0,0.0
22,09,0,0.0
22,10,0,0.0
22,11,3,1.3862943611198906
22,12,3,1.3862943611198906
22,13,5,1.791759469228055
22,14,8,2.1972245773362196
22,15,20,3.044522437723423
22,16,37,3.6375861597263857
22,17,49,3.912023005428146
22,18,75,4.330733340286331
23,06,0,0.0
23,07,0,0.0
23,08,0,0.0
23,09,0,0.0
23,10,0,0.0
23,11,0,0.0
23,12,0,0.0
23,13,2,1.0986122886681098
23,14,3,1.3862943611198906
23,15,3,1.3862943611198906
23,16,NA,NA
23,17,NA,NA
23,18,2,1.0986122886681098
25,06,0,0.0
25,07,0,0.0
25,08,0,0.0
25,09,0,0.0
25,10,2,1.0986122886681098
25,11,6,1.9459101490553132
25,12,14,2.70805020110221
25,13,21,3.091042453358316
25,14,25,3.258096538021482
25,15,16,2.833213344056216
25,16,28,3.367295829986474
25,17,46,3.8501476017100584
25,18,73,4.30406509320417
26,06,0,0.0
26,07,0,0.0
26,08,0,0.0
26,09,0,0.0
26,10,0,0.0
26,11,0,0.0
26,12,7,2.0794415416798357
26,13,10,2.3978952727983707
26,14,11,2.4849066497880004
26,15,20,3.044522437723423
26,16,25,3.258096538021482
26,17,27,3.332204510175204
26,18,NA,NA
27,06,0,0.0
27,07,0,0.0
27,08,0,0.0
27,09,0,0.0
27,10,1,0.6931471805599453
27,11,1,0.6931471805599453
27,12,1,0.6931471805599453
27,13,2,1.0986122886681098
27,14,3,1.3862943611198906
27,15,2,1.0986122886681098
27,16,2,1.0986122886681098
27,17,4,1.6094379124341003
27,18,24,3.2188758248682006
28,06,0,0.0
28,07,NA,NA
28,08,0,0.0
28,09,0,0.0
28,10,0,0.0
28,11,3,1.3862943611198906
28,12,4,1.6094379124341003
28,13,16,2.833213344056216
28,14,38,3.6635616461296463
28,15,34,3.5553480614894135
28,16,NA,NA
28,17,NA,NA
28,18,NA,NA
29,06,0,0.0
29,07,1,0.6931471805599453
29,08,1,0.6931471805599453
29,09,1,0.6931471805599453
29,10,1,0.6931471805599453
29,11,1,0.6931471805599453
29,12,4,1.6094379124341003
29,13,7,2.0794415416798357
29,14,16,2.833213344056216
29,15,14,2.70805020110221
29,16,21,3.091042453358316
29,17,47,3.871201010907891
29,18,69,4.248495242049359
30,06,0,0.0
30,07,0,0.0
30,08,0,0.0
30,09,NA,NA
30,10,1,0.6931471805599453
30,11,1,0.6931471805599453
30,12,4,1.6094379124341003
30,13,3,1.3862943611198906
30,14,3,1.3862943611198906
30,15,4,1.6094379124341003
30,16,6,1.9459101490553132
30,17,NA,NA
30,18,NA,NA
31,06,0,0.0
31,07,0,0.0
31,08,0,0.0
31,09,0,0.0
31,10,0,0.0
31,11,0,0.0
31,12,0,0.0
31,13,1,0.6931471805599453
31,14,3,1.3862943611198906
31,15,12,2.5649493574615367
31,16,15,2.772588722239781
31,17,19,2.995732273553991
31,18,51,3.9512437185814275
32,06,0,0.0
32,07,0,0.0
32,08,0,0.0
32,09,0,0.0
32,10,0,0.0
32,11,2,1.0986122886681098
32,12,2,1.0986122886681098
32,13,2,1.0986122886681098
32,14,2,1.0986122886681098
32,15,6,1.9459101490553132
32,16,9,2.302585092994046
32,17,10,2.3978952727983707
32,18,20,3.044522437723423
33,06,0,0.0
33,07,0,0.0
33,08,0,0.0
33,09,2,1.0986122886681098
33,10,2,1.0986122886681098
33,11,2,1.0986122886681098
33,12,2,1.0986122886681098
33,13,2,1.0986122886681098
33,14,0,0.0
33,15,0,0.0
33,16,9,2.302585092994046
33,17,15,2.772588722239781
33,18,22,3.1354942159291497
34,06,0,0.0
34,07,0,0.0
34,08,0,0.0
34,09,2,1.0986122886681098
34,10,2,1.0986122886681098
34,11,2,1.0986122886681098
34,12,2,1.0986122886681098
34,13,2,1.0986122886681098
34,14,0,0.0
34,15,0,0.0
34,16,0,0.0
34,17,0,0.0
34,18,0,0.0
35,06,0,0.0
35,07,0,0.0
35,08,0,0.0
35,09,0,0.0
35,10,0,0.0
35,11,1,0.6931471805599453
35,12,2,1.0986122886681098
35,13,2,1.0986122886681098
35,14,2,1.0986122886681098
35,15,4,1.6094379124341003
35,16,4,1.6094379124341003
35,17,4,1.6094379124341003
35,18,5,1.791759469228055
36,06,0,0.0
36,07,0,0.0
36,08,0,0.0
36,09,0,0.0
36,10,0,0.0
36,11,0,0.0
36,12,0,0.0
36,13,0,0.0
36,14,0,0.0
36,15,1,0.6931471805599453
36,16,1,0.6931471805599453
36,17,1,0.6931471805599453
36,18,5,1.791759469228055
37,06,0,0.0
37,07,0,0.0
37,08,0,0.0
37,09,0,0.0
37,10,0,0.0
37,11,0,0.0
37,12,0,0.0
37,13,0,0.0
37,14,1,0.6931471805599453
37,15,1,0.6931471805599453
37,16,5,1.791759469228055
37,17,16,2.833213344056216
37,18,22,3.1354942159291497
38,06,0,0.0
38,07,0,0.0
38,08,0,0.0
38,09,0,0.0
38,10,0,0.0
38,11,6,1.9459101490553132
38,12,NA,NA
38,13,10,2.3978952727983707
38,14,11,2.4849066497880004
38,15,17,2.8903717578961645
38,16,21,3.091042453358316
38,17,26,3.295836866004329
38,18,35,3.58351893845611
39,06,0,0.0
39,07,0,0.0
39,08,0,0.0
39,09,0,0.0
39,10,0,0.0
39,11,1,0.6931471805599453
39,12,NA,NA
39,13,NA,NA
39,14,1,0.6931471805599453
39,15,2,1.0986122886681098
39,16,3,1.3862943611198906
39,17,NA,NA
39,18,NA,NA
40,06,0,0.0
40,07,0,0.0
40,08,NA,NA
40,09,0,0.0
40,10,0,0.0
40,11,0,0.0
40,12,0,0.0
40,13,0,0.0
40,14,1,0.6931471805599453
40,15,NA,NA
40,16,1,0.6931471805599453
40,17,NA,NA
40,18,NA,NA
41,06,0,0.0
41,07,0,0.0
41,08,0,0.0
41,09,0,0.0
41,10,0,0.0
41,11,0,0.0
41,12,2,1.0986122886681098
41,13,2,1.0986122886681098
41,14,4,1.6094379124341003
41,15,5,1.791759469228055
41,16,8,2.1972245773362196
41,17,13,2.6390573296152584
41,18,NA,NA
42,06,0,0.0
42,07,0,0.0
42,08,0,0.0
42,09,0,0.0
42,10,0,0.0
42,11,0,0.0
42,12,3,1.3862943611198906
42,13,1,0.6931471805599453
42,14,3,1.3862943611198906
42,15,7,2.0794415416798357
42,16,14,2.70805020110221
42,17,22,3.1354942159291497
42,18,NA,NA
43,06,0,0.0
43,07,0,0.0
43,08,0,0.0
43,09,0,0.0
43,10,0,0.0
43,11,0,0.0
43,12,1,0.6931471805599453
43,13,0,0.0
43,14,0,0.0
43,15,0,0.0
43,16,0,0.0
43,17,0,0.0
43,18,0,0.0
44,06,0,0.0
44,07,0,0.0
44,08,1,0.6931471805599453
44,09,1,0.6931471805599453
44,10,1,0.6931471805599453
44,11,1,0.6931471805599453
44,12,1,0.6931471805599453
44,13,1,0.6931471805599453
44,14,2,1.0986122886681098
44,15,2,1.0986122886681098
44,16,2,1.0986122886681098
44,17,9,2.302585092994046
44,18,14,2.70805020110221
45,06,0,0.0
45,07,2,1.0986122886681098
45,08,3,1.3862943611198906
45,09,3,1.3862943611198906
45,10,4,1.6094379124341003
45,11,9,2.302585092994046
45,12,10,2.3978952727983707
45,13,21,3.091042453358316
45,14,21,3.091042453358316
45,15,1,0.6931471805599453
45,16,1,0.6931471805599453
45,17,5,1.791759469228055
45,18,7,2.0794415416798357
46,06,0,0.0
46,07,0,0.0
46,08,0,0.0
46,09,0,0.0
46,10,0,0.0
46,11,2,1.0986122886681098
46,12,NA,NA
46,13,1,0.6931471805599453
46,14,1,0.6931471805599453
46,15,4,1.6094379124341003
46,16,4,1.6094379124341003
46,17,10,2.3978952727983707
46,18,19,2.995732273553991
